<?xml version='1.0' encoding='UTF-8' ?>
<timeLogEntries>
  <time id="1" path="/Lab2Estru/PSP0/Code" start="@1551976236750" delta="32" interrupt="2" />
  <time id="2" path="/Lab2Estru/PSP0/Code" start="@1552589062263" delta="3" interrupt="2" />
  <time id="3" path="/Lab2Estru/PSP0/Code" start="@1552589709976" delta="2" />
  <time id="4" path="/Lab2Estru/PSP0/Code" start="@1552590296538" delta="11" />
  <time id="5" path="/Lab3Estru/PSP0/Planning" start="@1555538087000" delta="10" comment="Reading the document." />
  <time id="6" path="/Lab3Estru/PSP0/Design" start="@1555711542389" delta="89" comment="Class diagram" />
  <time id="8" path="/Lab3Estru/PSP0/Planning" start="@1555544138000" delta="59" interrupt="1" comment="Requirements, Creative Solutions and preliminary design" />
  <time id="12" path="/Lab3Estru/PSP0/Design" start="@1555547926000" delta="90" comment="ADTs" />
  <time id="13" path="/Lab3Estru/PSP0/Design" start="@1555726766534" delta="15" comment="Minor Tweaks to class Diagram and adding it to the document" />
  <time id="14" path="/Lab3Estru/PSP0/Code" start="@1555783008157" delta="4" />
  <time id="15" path="/Lab3Estru/PSP0/Code" start="@1555785444609" delta="66" comment="Implementation of AVL tests" />
  <time id="16" path="/Lab3Estru/PSP0/Code" start="@1555791567233" delta="3" comment="Deletion avl Test" />
  <time id="17" path="/Lab3Estru/PSP0/Code" start="@1555804367218" delta="30" comment="Insertion, creation and coloring of RBTree test" />
  <time id="18" path="/Lab3Estru/PSP0/Code" start="@1555806851242" delta="23" interrupt="2" comment="Deletion in RBTree tes" />
  <time id="20" path="/Lab3Estru/PSP0/Test" start="@1555812051000" delta="69" interrupt="3" comment="Executing several times the program to evaluate the functionality" />
</timeLogEntries>
