<?xml version='1.0' encoding='UTF-8' ?>
<timeLogEntries>
  <time id="1" path="/Lab2 estructuras/PSP0/Planning" start="@1551643866032" delta="94" />
  <time id="2" path="/Lab2 estructuras/PSP0/Design" start="@1552168374707" delta="177" />
  <time id="3" path="/Lab2 estructuras/PSP0/Code" start="@1552179009960" delta="7" />
  <time id="4" path="/Lab2 estructuras/PSP0/Code" start="@1552523205439" delta="301" />
  <time id="6" path="/lab 3 estructuras/PSP0/Planning" start="@1555209174037" delta="3" />
  <time id="7" path="/lab 3 estructuras/PSP0/Planning" start="@1555211305079" delta="62" />
  <time id="8" path="/lab 3 estructuras/PSP0/Planning" start="@1555350666509" delta="87" />
  <time id="9" path="/lab 3 estructuras/PSP0/Design" start="@1555533581719" delta="56" />
  <time id="10" path="/lab 3 estructuras/PSP0/Code" start="@1555551847294" delta="112" />
  <time id="11" path="/lab 3 estructuras/PSP0/Code" start="@1555635004771" delta="6" />
</timeLogEntries>
