<?xml version='1.0' encoding='UTF-8' ?>
<timeLogEntries>
  <time id="1" path="/Lab3AED/PSP0/Planning" start="@1555013650708" delta="36" comment="Beginning of the analysis of the problem" />
  <time id="2" path="/Lab3AED/PSP0/Planning" start="@1555351774661" delta="58" comment="Analyzing the problem and working on the engineering method" />
  <time id="3" path="/Lab3AED/PSP0/Design" start="@1555355262919" delta="24" comment="Created prelimary gui" />
  <time id="4" path="/Lab3AED/PSP0/Planning" start="@1555356732029" delta="53" comment="Analyzing the problem and working on the engineering method" />
  <time id="5" path="/Lab3AED/PSP0/Design" start="@1555465488803" delta="51" comment="Worked on gui" />
  <time id="6" path="/Lab3AED/PSP0/Code" start="@1555533568590" delta="56" comment="Worked on RBTree" />
  <time id="7" path="/Lab3AED/PSP0/Code" start="@1555551838080" delta="112" comment="Worked on the methods to find the highest and lowest price of a market" />
  <time id="8" path="/Lab3AED/PSP0/Design" start="@1555620930457" delta="62" />
  <time id="9" path="/Lab3AED/PSP0/Code" start="@1555631459284" delta="166" comment="fixed errors in RBTree" />
  <time id="10" path="/Lab3AED/PSP0/Compile" start="@1555788500200" delta="141" />
</timeLogEntries>
